                  epoch,         train/box_loss,         train/cls_loss,         train/dfl_loss,   metrics/precision(B),      metrics/recall(B),       metrics/mAP50(B),    metrics/mAP50-95(B),           val/box_loss,           val/cls_loss,           val/dfl_loss,                 lr/pg0,                 lr/pg1,                 lr/pg2
                      1,                 1.6744,                 3.0734,                 1.2868,                0.00338,                0.97122,                0.08404,                0.04192,                 1.2242,                 3.9029,                 1.1161,             0.00064957,             0.00064957,             0.00064957
                      2,                 1.4512,                 1.7338,                 1.1564,                0.00311,                0.89209,                0.37916,                0.19682,                 1.3677,                 3.6827,                 1.2705,             0.00088188,             0.00088188,             0.00088188
                      3,                  1.357,                 1.4923,                 1.1233,                0.99062,                0.75947,                 0.9281,                0.56988,                 1.3635,                 2.3938,                 1.1536,             0.00067419,             0.00067419,             0.00067419
